{"8dbdda48": {"cursor": 3.3682421068138857, "windsurf": 0.0, "claude": 0.9841084106643531, "vscode_cline": 0.0}, "4b8bafde": {"cursor": 0.9759065295301422, "windsurf": 0.0, "claude": 0.0, "vscode_cline": 0.0}}